{
  "p12_gt_0.99": {
    "threshold": 0.99,
    "bets": 88,
    "singleT_paid_races": 21,
    "Q": {
      "stake": 8800.0,
      "return": 7700.0,
      "profit": -1100.0,
      "roi": -0.125
    },
    "QP": {
      "stake": 8800.0,
      "return": 7885.0,
      "profit": -915.0,
      "roi": -0.10397727272727272
    },
    "SingleT": {
      "stake": 8800.0,
      "return": 7927.0,
      "profit": -873.0,
      "roi": -0.09920454545454545
    },
    "combined": {
      "stake": 26400.0,
      "return": 23512.0,
      "profit": -2888.0,
      "roi": -0.10939393939393939
    }
  },
  "p12_gt_1.0": {
    "threshold": 1.0,
    "bets": 75,
    "singleT_paid_races": 21,
    "Q": {
      "stake": 7500.0,
      "return": 7700.0,
      "profit": 200.0,
      "roi": 0.02666666666666667
    },
    "QP": {
      "stake": 7500.0,
      "return": 7885.0,
      "profit": 385.0,
      "roi": 0.051333333333333335
    },
    "SingleT": {
      "stake": 7500.0,
      "return": 7927.0,
      "profit": 427.0,
      "roi": 0.056933333333333336
    },
    "combined": {
      "stake": 22500.0,
      "return": 23512.0,
      "profit": 1012.0,
      "roi": 0.044977777777777776
    }
  }
}