{
  "threshold": 1.1,
  "qual_races": 28,
  "strategy": "Bet $100 Q and $100 SingleT each qualifying race. SingleT pays ONLY if Q or QP hit; payout uses $10 ticket dividend (no scaling).",
  "Q": {
    "stake": 2800,
    "return": 3505.0,
    "profit": 705.0,
    "roi": 0.2517857142857143
  },
  "SingleT": {
    "stake": 2800,
    "return": 3056.0,
    "profit": 256.0,
    "roi": 0.09142857142857143
  },
  "combined": {
    "stake": 5600,
    "return": 6561.0,
    "profit": 961.0,
    "roi": 0.17160714285714285
  },
  "singleT_hit_races": 7,
  "singleT_div_sum_per10": 3056.0
}