{
  "p12_gt_1.15": {
    "threshold": 1.15,
    "qual_races": 13,
    "hit_races_for_singleT_pay": 3,
    "Q": {
      "stake": 1300.0,
      "return": 1865.0,
      "profit": 565.0,
      "roi": 0.4346153846153846
    },
    "SingleT": {
      "stake": 1300.0,
      "return": 1977.0,
      "profit": 677.0,
      "roi": 0.5207692307692308
    },
    "combined": {
      "stake": 2600.0,
      "return": 3842.0,
      "profit": 1242.0,
      "roi": 0.4776923076923077
    }
  },
  "p12_gt_1.2": {
    "threshold": 1.2,
    "qual_races": 7,
    "hit_races_for_singleT_pay": 1,
    "Q": {
      "stake": 700.0,
      "return": 690.0,
      "profit": -10.0,
      "roi": -0.014285714285714285
    },
    "SingleT": {
      "stake": 700.0,
      "return": 194.0,
      "profit": -506.0,
      "roi": -0.7228571428571429
    },
    "combined": {
      "stake": 1400.0,
      "return": 884.0,
      "profit": -516.0,
      "roi": -0.36857142857142855
    }
  }
}